,,,,,,Daily Price Report-01-01-2025 to 31-12-2025 for Maharashtra,,,,,
State,District,Market,Commodity Group,Commodity,Variety,Grade,Min Price,Max Price,Modal Price,Price Unit,Price Date
Maharashtra,Hingoli,Basmat APMC,Spices,Turmeric,Other,Local,"10,000.00","14,125.00","12,062.00",Rs./Quintal,06-11-2025
Maharashtra,Hingoli,Basmat APMC,Spices,Turmeric,Other,Local,"12,000.00","15,560.00","13,780.00",Rs./Quintal,23-10-2025
Maharashtra,Hingoli,Basmat APMC,Spices,Turmeric,Other,Local,"10,005.00","15,700.00","12,850.00",Rs./Quintal,16-10-2025
Maharashtra,Hingoli,Basmat APMC,Spices,Turmeric,Other,Local,"10,000.00","15,000.00","12,500.00",Rs./Quintal,14-10-2025
Maharashtra,Hingoli,Basmat APMC,Spices,Turmeric,Other,Local,"10,100.00","12,805.00","11,452.00",Rs./Quintal,06-10-2025
Maharashtra,Hingoli,Basmat APMC,Spices,Turmeric,Other,Local,"10,000.00","13,000.00","11,500.00",Rs./Quintal,30-09-2025
Maharashtra,Hingoli,Basmat APMC,Spices,Turmeric,Other,Local,"9,985.00","14,000.00","11,992.00",Rs./Quintal,29-09-2025
Maharashtra,Hingoli,Basmat APMC,Spices,Turmeric,Other,Local,"9,710.00","13,195.00","11,452.00",Rs./Quintal,26-09-2025
Maharashtra,Hingoli,Basmat APMC,Spices,Turmeric,Other,Local,"10,000.00","13,000.00","11,500.00",Rs./Quintal,25-09-2025
Maharashtra,Hingoli,Basmat APMC,Spices,Turmeric,Other,Local,"10,000.00","14,000.00","12,000.00",Rs./Quintal,23-09-2025
Maharashtra,Hingoli,Basmat APMC,Spices,Turmeric,Other,Local,"10,000.00","12,315.00","11,157.00",Rs./Quintal,19-09-2025
Maharashtra,Hingoli,Basmat APMC,Spices,Turmeric,Other,Local,"9,990.00","12,395.00","11,147.00",Rs./Quintal,18-09-2025
Maharashtra,Hingoli,Basmat APMC,Spices,Turmeric,Other,Local,"9,995.00","12,690.00","11,342.00",Rs./Quintal,15-09-2025
Maharashtra,Hingoli,Basmat APMC,Spices,Turmeric,Other,Local,"10,000.00","12,900.00","11,450.00",Rs./Quintal,11-09-2025
Maharashtra,Hingoli,Basmat APMC,Spices,Turmeric,Other,Local,"9,595.00","14,000.00","11,797.00",Rs./Quintal,13-08-2025
Maharashtra,Hingoli,Basmat APMC,Spices,Turmeric,Other,Local,"9,705.00","13,250.00","11,477.00",Rs./Quintal,12-08-2025
Maharashtra,Hingoli,Basmat APMC,Spices,Turmeric,Other,Local,"9,995.00","13,000.00","11,497.00",Rs./Quintal,11-08-2025
Maharashtra,Hingoli,Basmat APMC,Spices,Turmeric,Other,Local,"10,000.00","12,400.00","11,200.00",Rs./Quintal,05-08-2025
Maharashtra,Hingoli,Basmat APMC,Spices,Turmeric,Other,Local,"9,800.00","13,000.00","11,400.00",Rs./Quintal,04-08-2025
Maharashtra,Hingoli,Basmat APMC,Spices,Turmeric,Other,Local,"10,000.00","12,555.00","11,277.00",Rs./Quintal,30-07-2025
Maharashtra,Hingoli,Basmat APMC,Spices,Turmeric,Other,Local,"10,050.00","13,150.00","11,600.00",Rs./Quintal,15-07-2025
Maharashtra,Hingoli,Basmat APMC,Spices,Turmeric,Other,Local,"10,000.00","12,800.00","11,400.00",Rs./Quintal,11-07-2025
Maharashtra,Hingoli,Basmat APMC,Spices,Turmeric,Other,Local,"10,000.00","12,705.00","11,352.00",Rs./Quintal,10-07-2025
Maharashtra,Hingoli,Basmat APMC,Spices,Turmeric,Other,Local,"10,500.00","13,500.00","12,000.00",Rs./Quintal,08-07-2025
Maharashtra,Hingoli,Basmat APMC,Spices,Turmeric,Other,Local,"10,300.00","13,100.00","11,700.00",Rs./Quintal,02-07-2025
Maharashtra,Hingoli,Basmat APMC,Spices,Turmeric,Other,Local,"9,995.00","13,355.00","11,675.00",Rs./Quintal,30-06-2025
Maharashtra,Hingoli,Basmat APMC,Spices,Turmeric,Other,Local,"10,500.00","14,005.00","12,252.00",Rs./Quintal,20-06-2025
Maharashtra,Hingoli,Basmat APMC,Spices,Turmeric,Other,Local,"10,200.00","13,600.00","11,900.00",Rs./Quintal,13-06-2025
Maharashtra,Hingoli,Basmat APMC,Spices,Turmeric,Other,Local,"10,035.00","14,200.00","12,117.00",Rs./Quintal,10-06-2025
Maharashtra,Hingoli,Basmat APMC,Spices,Turmeric,Other,Local,"10,000.00","13,770.00","11,885.00",Rs./Quintal,09-06-2025
Maharashtra,Hingoli,Basmat APMC,Spices,Turmeric,Other,Local,"10,500.00","14,000.00","12,250.00",Rs./Quintal,05-06-2025
Maharashtra,Hingoli,Basmat APMC,Spices,Turmeric,Other,Local,"10,700.00","13,750.00","12,225.00",Rs./Quintal,30-05-2025
Maharashtra,Hingoli,Basmat APMC,Spices,Turmeric,Other,Local,"11,000.00","13,755.00","12,377.00",Rs./Quintal,26-05-2025
Maharashtra,Hingoli,Basmat APMC,Spices,Turmeric,Other,Local,"10,000.00","15,000.00","12,500.00",Rs./Quintal,23-05-2025
Maharashtra,Hingoli,Basmat APMC,Spices,Turmeric,Other,Local,"11,400.00","14,300.00","12,850.00",Rs./Quintal,21-05-2025
Maharashtra,Hingoli,Basmat APMC,Spices,Turmeric,Other,Local,"10,400.00","14,270.00","12,335.00",Rs./Quintal,20-05-2025
Maharashtra,Hingoli,Basmat APMC,Spices,Turmeric,Other,Local,"11,000.00","13,575.00","12,287.00",Rs./Quintal,15-05-2025
Maharashtra,Hingoli,Basmat APMC,Spices,Turmeric,Other,Local,"10,700.00","14,005.00","12,352.00",Rs./Quintal,09-05-2025
Maharashtra,Hingoli,Basmat APMC,Spices,Turmeric,Other,Local,"10,600.00","14,200.00","12,400.00",Rs./Quintal,07-05-2025
Maharashtra,Hingoli,Basmat APMC,Spices,Turmeric,Other,Local,"12,000.00","13,800.00","12,900.00",Rs./Quintal,03-05-2025
Maharashtra,Hingoli,Basmat APMC,Spices,Turmeric,Other,Local,"11,000.00","14,205.00","12,602.00",Rs./Quintal,02-05-2025
Maharashtra,Hingoli,Basmat APMC,Spices,Turmeric,Other,Local,"11,900.00","14,100.00","13,000.00",Rs./Quintal,28-04-2025
Maharashtra,Hingoli,Basmat APMC,Spices,Turmeric,Other,Local,"12,000.00","14,450.00","13,225.00",Rs./Quintal,25-04-2025
Maharashtra,Hingoli,Basmat APMC,Spices,Turmeric,Other,Local,"12,780.00","14,610.00","13,695.00",Rs./Quintal,23-04-2025
Maharashtra,Hingoli,Basmat APMC,Spices,Turmeric,Other,Local,"10,500.00","15,000.00","12,750.00",Rs./Quintal,22-04-2025
Maharashtra,Hingoli,Basmat APMC,Spices,Turmeric,Other,Local,"11,600.00","15,750.00","13,675.00",Rs./Quintal,21-04-2025
Maharashtra,Hingoli,Basmat APMC,Spices,Turmeric,Other,Local,"12,400.00","16,155.00","14,277.00",Rs./Quintal,18-04-2025
Maharashtra,Hingoli,Basmat APMC,Spices,Turmeric,Other,Local,"12,000.00","15,300.00","13,650.00",Rs./Quintal,16-04-2025
Maharashtra,Hingoli,Basmat APMC,Spices,Turmeric,Other,Local,"11,000.00","16,255.00","13,627.00",Rs./Quintal,08-04-2025
Maharashtra,Hingoli,Basmat APMC,Spices,Turmeric,Other,Local,"11,000.00","15,000.00","13,000.00",Rs./Quintal,04-04-2025
Maharashtra,Hingoli,Basmat APMC,Spices,Turmeric,Other,Local,"11,700.00","15,050.00","13,370.00",Rs./Quintal,03-04-2025
Maharashtra,Hingoli,Basmat APMC,Spices,Turmeric,Other,Local,"12,500.00","17,000.00","14,750.00",Rs./Quintal,02-04-2025
Maharashtra,Hingoli,Basmat APMC,Spices,Turmeric,Other,Local,"10,000.00","14,655.00","12,327.00",Rs./Quintal,13-02-2025
Maharashtra,Hingoli,Basmat APMC,Spices,Turmeric,Other,Local,"9,405.00","14,560.00","11,982.00",Rs./Quintal,05-02-2025
Maharashtra,Hingoli,Basmat APMC,Spices,Turmeric,Other,Local,"10,500.00","14,400.00","12,450.00",Rs./Quintal,03-02-2025
Maharashtra,Hingoli,Basmat APMC,Spices,Turmeric,Other,Local,"10,000.00","14,500.00","12,250.00",Rs./Quintal,30-01-2025
Maharashtra,Hingoli,Basmat APMC,Spices,Turmeric,Other,Local,"10,005.00","14,705.00","12,355.00",Rs./Quintal,27-01-2025
Maharashtra,Hingoli,Basmat APMC,Spices,Turmeric,Other,FAQ,"10,000.00","14,590.00","12,295.00",Rs./Quintal,20-01-2025
Maharashtra,Hingoli,Basmat APMC,Spices,Turmeric,Other,FAQ,"11,505.00","15,905.00","13,705.00",Rs./Quintal,16-01-2025
Maharashtra,Hingoli,Basmat APMC,Spices,Turmeric,Other,FAQ,"9,005.00","15,000.00","12,002.00",Rs./Quintal,13-01-2025
Maharashtra,Hingoli,Basmat APMC,Spices,Turmeric,Other,FAQ,"10,005.00","16,005.00","13,005.00",Rs./Quintal,06-01-2025
Maharashtra,Hingoli,Basmat(Kurunda) APMC,Spices,Turmeric,Other,Local,"10,005.00","13,005.00","11,871.00",Rs./Quintal,12-07-2025
Maharashtra,Hingoli,Basmat(Kurunda) APMC,Spices,Turmeric,Other,Local,"10,000.00","13,200.00","11,284.00",Rs./Quintal,21-06-2025
Maharashtra,Hingoli,Basmat(Kurunda) APMC,Spices,Turmeric,Other,Local,"10,000.00","13,200.00","12,318.00",Rs./Quintal,31-05-2025
Maharashtra,Hingoli,Basmat(Kurunda) APMC,Spices,Turmeric,Other,Local,"11,000.00","13,500.00","12,252.00",Rs./Quintal,10-05-2025
Maharashtra,Hingoli,Basmat(Kurunda) APMC,Spices,Turmeric,Other,Local,"11,500.00","14,375.00","12,937.00",Rs./Quintal,27-04-2025
Maharashtra,Hingoli,Basmat(Kurunda) APMC,Spices,Turmeric,Other,Local,"12,000.00","14,700.00","13,500.00",Rs./Quintal,16-04-2025
Maharashtra,Hingoli,Basmat(Kurunda) APMC,Spices,Turmeric,Other,Local,"6,505.00","13,410.00","12,620.00",Rs./Quintal,24-03-2025
Maharashtra,Hingoli,Basmat(Kurunda) APMC,Spices,Turmeric,Other,Local,"10,900.00","13,800.00","13,000.00",Rs./Quintal,22-03-2025
Maharashtra,Hingoli,Basmat(Kurunda) APMC,Spices,Turmeric,Other,Local,"10,000.00","12,051.00","11,200.00",Rs./Quintal,08-03-2025
Maharashtra,Hingoli,Basmat(Kurunda) APMC,Spices,Turmeric,Other,FAQ,"12,000.00","14,400.00","12,302.00",Rs./Quintal,18-01-2025
Maharashtra,Hingoli,Basmat(Kurunda) APMC,Spices,Turmeric,Other,FAQ,"12,300.00","15,000.00","13,066.00",Rs./Quintal,04-01-2025
Maharashtra,Hingoli,Hingoli APMC,Spices,Turmeric,Other,Local,"14,100.00","16,500.00","15,300.00",Rs./Quintal,31-12-2025
Maharashtra,Hingoli,Hingoli APMC,Spices,Turmeric,Other,Local,"14,500.00","17,000.00","15,750.00",Rs./Quintal,30-12-2025
Maharashtra,Hingoli,Hingoli APMC,Spices,Turmeric,Other,Local,"14,300.00","16,890.00","15,595.00",Rs./Quintal,29-12-2025
Maharashtra,Hingoli,Hingoli APMC,Spices,Turmeric,Other,Local,"14,000.00","16,500.00","15,250.00",Rs./Quintal,26-12-2025
Maharashtra,Hingoli,Hingoli APMC,Spices,Turmeric,Other,Local,"14,100.00","16,600.00","15,350.00",Rs./Quintal,25-12-2025
Maharashtra,Hingoli,Hingoli APMC,Spices,Turmeric,Other,Local,"13,500.00","15,900.00","14,700.00",Rs./Quintal,24-12-2025
Maharashtra,Hingoli,Hingoli APMC,Spices,Turmeric,Other,Local,"13,300.00","15,800.00","14,550.00",Rs./Quintal,23-12-2025
Maharashtra,Hingoli,Hingoli APMC,Spices,Turmeric,Other,Local,"13,500.00","15,900.00","14,700.00",Rs./Quintal,22-12-2025
Maharashtra,Hingoli,Hingoli APMC,Spices,Turmeric,Other,Local,"13,000.00","15,900.00","14,450.00",Rs./Quintal,18-12-2025
Maharashtra,Hingoli,Hingoli APMC,Spices,Turmeric,Other,Local,"12,500.00","15,600.00","14,050.00",Rs./Quintal,17-12-2025
Maharashtra,Hingoli,Hingoli APMC,Spices,Turmeric,Other,Local,"12,800.00","15,600.00","14,200.00",Rs./Quintal,16-12-2025
Maharashtra,Hingoli,Hingoli APMC,Spices,Turmeric,Other,Local,"12,700.00","15,200.00","13,950.00",Rs./Quintal,15-12-2025
Maharashtra,Hingoli,Hingoli APMC,Spices,Turmeric,Other,Local,"12,500.00","15,000.00","13,700.00",Rs./Quintal,12-12-2025
Maharashtra,Hingoli,Hingoli APMC,Spices,Turmeric,Other,Local,"12,500.00","15,100.00","13,800.00",Rs./Quintal,11-12-2025
Maharashtra,Hingoli,Hingoli APMC,Spices,Turmeric,Other,Local,"12,400.00","14,900.00","13,650.00",Rs./Quintal,10-12-2025
Maharashtra,Hingoli,Hingoli APMC,Spices,Turmeric,Other,Local,"12,500.00","15,100.00","13,800.00",Rs./Quintal,09-12-2025
Maharashtra,Hingoli,Hingoli APMC,Spices,Turmeric,Other,Local,"12,000.00","14,800.00","13,400.00",Rs./Quintal,08-12-2025
Maharashtra,Hingoli,Hingoli APMC,Spices,Turmeric,Other,Local,"12,500.00","14,850.00","13,675.00",Rs./Quintal,05-12-2025
Maharashtra,Hingoli,Hingoli APMC,Spices,Turmeric,Other,Local,"12,300.00","14,800.00","13,550.00",Rs./Quintal,04-12-2025
Maharashtra,Hingoli,Hingoli APMC,Spices,Turmeric,Other,Local,"12,800.00","15,000.00","13,900.00",Rs./Quintal,03-12-2025
Maharashtra,Hingoli,Hingoli APMC,Spices,Turmeric,Other,Local,"13,000.00","15,000.00","14,000.00",Rs./Quintal,26-11-2025
Maharashtra,Hingoli,Hingoli APMC,Spices,Turmeric,Other,Local,"12,300.00","14,300.00","13,300.00",Rs./Quintal,25-11-2025
Maharashtra,Hingoli,Hingoli APMC,Spices,Turmeric,Other,Local,"12,050.00","14,050.00","13,050.00",Rs./Quintal,24-11-2025
Maharashtra,Hingoli,Hingoli APMC,Spices,Turmeric,Other,Local,"12,800.00","14,800.00","13,800.00",Rs./Quintal,21-11-2025
Maharashtra,Hingoli,Hingoli APMC,Spices,Turmeric,Other,Local,"12,600.00","14,600.00","13,600.00",Rs./Quintal,19-11-2025
Maharashtra,Hingoli,Hingoli APMC,Spices,Turmeric,Other,Local,"12,500.00","14,600.00","13,550.00",Rs./Quintal,18-11-2025
Maharashtra,Hingoli,Hingoli APMC,Spices,Turmeric,Other,Local,"12,800.00","14,800.00","13,800.00",Rs./Quintal,17-11-2025
Maharashtra,Hingoli,Hingoli APMC,Spices,Turmeric,Other,Local,"12,500.00","14,800.00","13,650.00",Rs./Quintal,14-11-2025
Maharashtra,Hingoli,Hingoli APMC,Spices,Turmeric,Other,Local,"12,500.00","14,990.00","13,745.00",Rs./Quintal,13-11-2025
Maharashtra,Hingoli,Hingoli APMC,Spices,Turmeric,Other,Local,"12,700.00","15,000.00","13,850.00",Rs./Quintal,12-11-2025
Maharashtra,Hingoli,Hingoli APMC,Spices,Turmeric,Other,Local,"13,000.00","15,000.00","14,000.00",Rs./Quintal,11-11-2025
Maharashtra,Hingoli,Hingoli APMC,Spices,Turmeric,Other,Local,"12,400.00","14,800.00","13,600.00",Rs./Quintal,10-11-2025
Maharashtra,Hingoli,Hingoli APMC,Spices,Turmeric,Other,Local,"11,900.00","14,200.00","13,050.00",Rs./Quintal,08-11-2025
Maharashtra,Hingoli,Hingoli APMC,Spices,Turmeric,Other,Local,"11,500.00","14,000.00","12,750.00",Rs./Quintal,07-11-2025
Maharashtra,Hingoli,Hingoli APMC,Spices,Turmeric,Other,Local,"11,900.00","14,500.00","13,200.00",Rs./Quintal,05-11-2025
Maharashtra,Hingoli,Hingoli APMC,Spices,Turmeric,Other,Local,"11,500.00","14,100.00","12,800.00",Rs./Quintal,04-11-2025
Maharashtra,Hingoli,Hingoli APMC,Spices,Turmeric,Other,Local,"11,000.00","14,000.00","12,500.00",Rs./Quintal,31-10-2025
Maharashtra,Hingoli,Hingoli APMC,Spices,Turmeric,Other,Local,"11,900.00","14,200.00","13,050.00",Rs./Quintal,30-10-2025
Maharashtra,Hingoli,Hingoli APMC,Spices,Turmeric,Other,Local,"11,300.00","13,900.00","12,600.00",Rs./Quintal,29-10-2025
Maharashtra,Hingoli,Hingoli APMC,Spices,Turmeric,Other,Local,"11,800.00","13,800.00","12,800.00",Rs./Quintal,28-10-2025
Maharashtra,Hingoli,Hingoli APMC,Spices,Turmeric,Other,Local,"11,500.00","13,608.00","12,550.00",Rs./Quintal,27-10-2025
Maharashtra,Hingoli,Hingoli APMC,Spices,Turmeric,Other,Local,"11,000.00","14,000.00","12,500.00",Rs./Quintal,16-10-2025
Maharashtra,Hingoli,Hingoli APMC,Spices,Turmeric,Other,Local,"11,300.00","13,800.00","12,250.00",Rs./Quintal,15-10-2025
Maharashtra,Hingoli,Hingoli APMC,Spices,Turmeric,Other,Local,"11,500.00","13,900.00","12,700.00",Rs./Quintal,14-10-2025
Maharashtra,Hingoli,Hingoli APMC,Spices,Turmeric,Other,Local,"10,700.00","13,200.00","11,950.00",Rs./Quintal,13-10-2025
Maharashtra,Hingoli,Hingoli APMC,Spices,Turmeric,Other,Local,"10,100.00","12,500.00","11,300.00",Rs./Quintal,09-10-2025
Maharashtra,Hingoli,Hingoli APMC,Spices,Turmeric,Other,Local,"10,800.00","13,155.00","11,977.00",Rs./Quintal,08-10-2025
Maharashtra,Hingoli,Hingoli APMC,Spices,Turmeric,Other,Local,"10,100.00","12,500.00","11,300.00",Rs./Quintal,07-10-2025
Maharashtra,Hingoli,Hingoli APMC,Spices,Turmeric,Other,Local,"10,100.00","12,500.00","11,300.00",Rs./Quintal,06-10-2025
Maharashtra,Hingoli,Hingoli APMC,Spices,Turmeric,Other,Local,"10,000.00","12,100.00","11,050.00",Rs./Quintal,03-10-2025
Maharashtra,Hingoli,Hingoli APMC,Spices,Turmeric,Other,Local,"10,100.00","12,100.00","11,100.00",Rs./Quintal,30-09-2025
Maharashtra,Hingoli,Hingoli APMC,Spices,Turmeric,Other,Local,"10,200.00","12,200.00","11,200.00",Rs./Quintal,29-09-2025
Maharashtra,Hingoli,Hingoli APMC,Spices,Turmeric,Other,Local,"9,500.00","11,600.00","10,550.00",Rs./Quintal,26-09-2025
Maharashtra,Hingoli,Hingoli APMC,Spices,Turmeric,Other,Local,"9,840.00","11,840.00","10,840.00",Rs./Quintal,25-09-2025
Maharashtra,Hingoli,Hingoli APMC,Spices,Turmeric,Other,Local,"9,950.00","11,800.00","10,875.00",Rs./Quintal,24-09-2025
Maharashtra,Hingoli,Hingoli APMC,Spices,Turmeric,Other,Local,"9,900.00","11,800.00","10,850.00",Rs./Quintal,23-09-2025
Maharashtra,Hingoli,Hingoli APMC,Spices,Turmeric,Other,Local,"9,500.00","11,500.00","10,500.00",Rs./Quintal,19-09-2025
Maharashtra,Hingoli,Hingoli APMC,Spices,Turmeric,Other,Local,"9,500.00","11,500.00","10,500.00",Rs./Quintal,18-09-2025
Maharashtra,Hingoli,Hingoli APMC,Spices,Turmeric,Other,Local,"9,500.00","11,500.00","10,500.00",Rs./Quintal,16-09-2025
Maharashtra,Hingoli,Hingoli APMC,Spices,Turmeric,Other,Local,"9,900.00","11,800.00","10,850.00",Rs./Quintal,15-09-2025
Maharashtra,Hingoli,Hingoli APMC,Spices,Turmeric,Other,Local,"10,000.00","11,900.00","10,950.00",Rs./Quintal,13-09-2025
Maharashtra,Hingoli,Hingoli APMC,Spices,Turmeric,Other,Local,"10,000.00","12,000.00","11,000.00",Rs./Quintal,12-09-2025
Maharashtra,Hingoli,Hingoli APMC,Spices,Turmeric,Other,Local,"10,100.00","12,000.00","11,050.00",Rs./Quintal,10-09-2025
Maharashtra,Hingoli,Hingoli APMC,Spices,Turmeric,Other,Local,"9,500.00","11,500.00","10,500.00",Rs./Quintal,09-09-2025
Maharashtra,Hingoli,Hingoli APMC,Spices,Turmeric,Other,Local,"10,100.00","12,200.00","11,150.00",Rs./Quintal,08-09-2025
Maharashtra,Hingoli,Hingoli APMC,Spices,Turmeric,Other,Local,"10,000.00","12,000.00","11,000.00",Rs./Quintal,05-09-2025
Maharashtra,Hingoli,Hingoli APMC,Spices,Turmeric,Other,Local,"9,500.00","11,500.00","10,500.00",Rs./Quintal,04-09-2025
Maharashtra,Hingoli,Hingoli APMC,Spices,Turmeric,Other,Local,"9,600.00","11,860.00","10,730.00",Rs./Quintal,03-09-2025
Maharashtra,Hingoli,Hingoli APMC,Spices,Turmeric,Other,Local,"9,500.00","11,800.00","10,650.00",Rs./Quintal,02-09-2025
Maharashtra,Hingoli,Hingoli APMC,Spices,Turmeric,Other,Local,"10,000.00","11,800.00","10,900.00",Rs./Quintal,21-08-2025
Maharashtra,Hingoli,Hingoli APMC,Spices,Turmeric,Other,Local,"10,000.00","12,100.00","11,050.00",Rs./Quintal,20-08-2025
Maharashtra,Hingoli,Hingoli APMC,Spices,Turmeric,Other,Local,"10,000.00","12,000.00","11,000.00",Rs./Quintal,19-08-2025
Maharashtra,Hingoli,Hingoli APMC,Spices,Turmeric,Other,Local,"10,005.00","12,005.00","11,005.00",Rs./Quintal,18-08-2025
Maharashtra,Hingoli,Hingoli APMC,Spices,Turmeric,Other,Local,"10,000.00","12,000.00","11,000.00",Rs./Quintal,14-08-2025
Maharashtra,Hingoli,Hingoli APMC,Spices,Turmeric,Other,Local,"9,900.00","11,800.00","10,850.00",Rs./Quintal,13-08-2025
Maharashtra,Hingoli,Hingoli APMC,Spices,Turmeric,Other,Local,"10,100.00","12,100.00","11,100.00",Rs./Quintal,12-08-2025
Maharashtra,Hingoli,Hingoli APMC,Spices,Turmeric,Other,Local,"9,700.00","11,700.00","10,700.00",Rs./Quintal,11-08-2025
Maharashtra,Hingoli,Hingoli APMC,Spices,Turmeric,Other,Local,"10,100.00","12,100.00","11,100.00",Rs./Quintal,08-08-2025
Maharashtra,Hingoli,Hingoli APMC,Spices,Turmeric,Other,Local,"10,000.00","12,000.00","11,000.00",Rs./Quintal,07-08-2025
Maharashtra,Hingoli,Hingoli APMC,Spices,Turmeric,Other,Local,"10,000.00","12,400.00","11,200.00",Rs./Quintal,06-08-2025
Maharashtra,Hingoli,Hingoli APMC,Spices,Turmeric,Other,Local,"10,200.00","12,200.00","11,200.00",Rs./Quintal,05-08-2025
Maharashtra,Hingoli,Hingoli APMC,Spices,Turmeric,Other,Local,"10,100.00","12,225.00","11,162.00",Rs./Quintal,02-08-2025
Maharashtra,Hingoli,Hingoli APMC,Spices,Turmeric,Other,Local,"10,000.00","12,100.00","11,050.00",Rs./Quintal,31-07-2025
Maharashtra,Hingoli,Hingoli APMC,Spices,Turmeric,Other,Local,"10,100.00","12,000.00","11,050.00",Rs./Quintal,30-07-2025
Maharashtra,Hingoli,Hingoli APMC,Spices,Turmeric,Other,Local,"10,000.00","12,000.00","11,000.00",Rs./Quintal,28-07-2025
Maharashtra,Hingoli,Hingoli APMC,Spices,Turmeric,Other,Local,"10,500.00","12,500.00","11,500.00",Rs./Quintal,23-07-2025
Maharashtra,Hingoli,Hingoli APMC,Spices,Turmeric,Other,Local,"10,500.00","12,350.00","11,425.00",Rs./Quintal,22-07-2025
Maharashtra,Hingoli,Hingoli APMC,Spices,Turmeric,Other,Local,"10,200.00","12,500.00","11,350.00",Rs./Quintal,21-07-2025
Maharashtra,Hingoli,Hingoli APMC,Spices,Turmeric,Other,Local,"10,100.00","12,600.00","11,350.00",Rs./Quintal,18-07-2025
Maharashtra,Hingoli,Hingoli APMC,Spices,Turmeric,Other,Local,"10,500.00","12,700.00","11,600.00",Rs./Quintal,17-07-2025
Maharashtra,Hingoli,Hingoli APMC,Spices,Turmeric,Other,Local,"10,000.00","12,500.00","11,250.00",Rs./Quintal,16-07-2025
Maharashtra,Hingoli,Hingoli APMC,Spices,Turmeric,Other,Local,"10,000.00","12,500.00","11,250.00",Rs./Quintal,15-07-2025
Maharashtra,Hingoli,Hingoli APMC,Spices,Turmeric,Other,Local,"10,755.00","12,755.00","11,755.00",Rs./Quintal,14-07-2025
Maharashtra,Hingoli,Hingoli APMC,Spices,Turmeric,Other,Local,"10,640.00","12,640.00","11,640.00",Rs./Quintal,11-07-2025
Maharashtra,Hingoli,Hingoli APMC,Spices,Turmeric,Other,Local,"10,500.00","12,500.00","11,500.00",Rs./Quintal,10-07-2025
Maharashtra,Hingoli,Hingoli APMC,Spices,Turmeric,Other,Local,"10,500.00","12,500.00","11,500.00",Rs./Quintal,09-07-2025
Maharashtra,Hingoli,Hingoli APMC,Spices,Turmeric,Other,Local,"10,500.00","12,600.00","11,550.00",Rs./Quintal,08-07-2025
Maharashtra,Hingoli,Hingoli APMC,Spices,Turmeric,Other,Local,"10,800.00","12,800.00","11,800.00",Rs./Quintal,07-07-2025
Maharashtra,Hingoli,Hingoli APMC,Spices,Turmeric,Other,Local,"10,500.00","12,500.00","11,500.00",Rs./Quintal,04-07-2025
Maharashtra,Hingoli,Hingoli APMC,Spices,Turmeric,Other,Local,"10,500.00","12,500.00","11,500.00",Rs./Quintal,03-07-2025
Maharashtra,Hingoli,Hingoli APMC,Spices,Turmeric,Other,Local,"10,500.00","12,400.00","11,450.00",Rs./Quintal,02-07-2025
Maharashtra,Hingoli,Hingoli APMC,Spices,Turmeric,Other,Local,"10,500.00","13,000.00","11,750.00",Rs./Quintal,01-07-2025
Maharashtra,Hingoli,Hingoli APMC,Spices,Turmeric,Other,Local,"10,500.00","12,500.00","11,500.00",Rs./Quintal,30-06-2025
Maharashtra,Hingoli,Hingoli APMC,Spices,Turmeric,Other,Local,"10,600.00","12,600.00","11,600.00",Rs./Quintal,27-06-2025
Maharashtra,Hingoli,Hingoli APMC,Spices,Turmeric,Other,Local,"10,250.00","12,250.00","11,250.00",Rs./Quintal,26-06-2025
Maharashtra,Hingoli,Hingoli APMC,Spices,Turmeric,Other,Local,"10,600.00","12,950.00","11,775.00",Rs./Quintal,24-06-2025
Maharashtra,Hingoli,Hingoli APMC,Spices,Turmeric,Other,Local,"11,000.00","13,000.00","12,000.00",Rs./Quintal,23-06-2025
Maharashtra,Hingoli,Hingoli APMC,Spices,Turmeric,Other,Local,"10,800.00","12,800.00","11,800.00",Rs./Quintal,20-06-2025
Maharashtra,Hingoli,Hingoli APMC,Spices,Turmeric,Other,Local,"10,700.00","12,800.00","11,750.00",Rs./Quintal,19-06-2025
Maharashtra,Hingoli,Hingoli APMC,Spices,Turmeric,Other,Local,"10,800.00","12,800.00","11,800.00",Rs./Quintal,18-06-2025
Maharashtra,Hingoli,Hingoli APMC,Spices,Turmeric,Other,Local,"10,000.00","12,800.00","11,400.00",Rs./Quintal,17-06-2025
Maharashtra,Hingoli,Hingoli APMC,Spices,Turmeric,Other,Local,"10,500.00","12,900.00","11,700.00",Rs./Quintal,16-06-2025
Maharashtra,Hingoli,Hingoli APMC,Spices,Turmeric,Other,Local,"10,900.00","13,000.00","11,950.00",Rs./Quintal,13-06-2025
Maharashtra,Hingoli,Hingoli APMC,Spices,Turmeric,Other,Local,"10,860.00","12,860.00","11,860.00",Rs./Quintal,12-06-2025
Maharashtra,Hingoli,Hingoli APMC,Spices,Turmeric,Other,Local,"10,700.00","13,200.00","11,950.00",Rs./Quintal,11-06-2025
Maharashtra,Hingoli,Hingoli APMC,Spices,Turmeric,Other,Local,"10,950.00","12,950.00","11,950.00",Rs./Quintal,10-06-2025
Maharashtra,Hingoli,Hingoli APMC,Spices,Turmeric,Other,Local,"10,700.00","13,200.00","11,950.00",Rs./Quintal,09-06-2025
Maharashtra,Hingoli,Hingoli APMC,Spices,Turmeric,Other,Local,"11,000.00","13,200.00","12,100.00",Rs./Quintal,06-06-2025
Maharashtra,Hingoli,Hingoli APMC,Spices,Turmeric,Other,Local,"11,100.00","13,350.00","12,225.00",Rs./Quintal,05-06-2025
Maharashtra,Hingoli,Hingoli APMC,Spices,Turmeric,Other,Local,"11,000.00","13,200.00","12,100.00",Rs./Quintal,03-06-2025
Maharashtra,Hingoli,Hingoli APMC,Spices,Turmeric,Other,Local,"10,800.00","13,100.00","11,950.00",Rs./Quintal,02-06-2025
Maharashtra,Hingoli,Hingoli APMC,Spices,Turmeric,Other,Local,"10,900.00","13,350.00","12,125.00",Rs./Quintal,24-05-2025
Maharashtra,Hingoli,Hingoli APMC,Spices,Turmeric,Other,Local,"11,000.00","13,000.00","12,000.00",Rs./Quintal,23-05-2025
Maharashtra,Hingoli,Hingoli APMC,Spices,Turmeric,Other,Local,"11,100.00","13,300.00","12,200.00",Rs./Quintal,22-05-2025
Maharashtra,Hingoli,Hingoli APMC,Spices,Turmeric,Other,Local,"11,100.00","13,100.00","12,100.00",Rs./Quintal,21-05-2025
Maharashtra,Hingoli,Hingoli APMC,Spices,Turmeric,Other,Local,"11,500.00","13,500.00","12,500.00",Rs./Quintal,20-05-2025
Maharashtra,Hingoli,Hingoli APMC,Spices,Turmeric,Other,Local,"10,500.00","13,700.00","12,100.00",Rs./Quintal,19-05-2025
Maharashtra,Hingoli,Hingoli APMC,Spices,Turmeric,Other,Local,"10,850.00","13,350.00","12,100.00",Rs./Quintal,16-05-2025
Maharashtra,Hingoli,Hingoli APMC,Spices,Turmeric,Other,Local,"10,800.00","13,250.00","12,025.00",Rs./Quintal,15-05-2025
Maharashtra,Hingoli,Hingoli APMC,Spices,Turmeric,Other,Local,"10,500.00","13,700.00","11,600.00",Rs./Quintal,13-05-2025
Maharashtra,Hingoli,Hingoli APMC,Spices,Turmeric,Other,Local,"10,000.00","12,500.00","11,250.00",Rs./Quintal,09-05-2025
Maharashtra,Hingoli,Hingoli APMC,Spices,Turmeric,Other,Local,"10,500.00","12,700.00","11,600.00",Rs./Quintal,08-05-2025
Maharashtra,Hingoli,Hingoli APMC,Spices,Turmeric,Other,Local,"10,850.00","13,050.00","11,950.00",Rs./Quintal,07-05-2025
Maharashtra,Hingoli,Hingoli APMC,Spices,Turmeric,Other,Local,"11,000.00","13,000.00","12,000.00",Rs./Quintal,06-05-2025
Maharashtra,Hingoli,Hingoli APMC,Spices,Turmeric,Other,Local,"11,000.00","13,000.00","12,000.00",Rs./Quintal,05-05-2025
Maharashtra,Hingoli,Hingoli APMC,Spices,Turmeric,Other,Local,"11,000.00","13,000.00","12,000.00",Rs./Quintal,02-05-2025
Maharashtra,Hingoli,Hingoli APMC,Spices,Turmeric,Other,Local,"10,500.00","12,800.00","11,650.00",Rs./Quintal,30-04-2025
Maharashtra,Hingoli,Hingoli APMC,Spices,Turmeric,Other,Local,"11,000.00","13,300.00","12,150.00",Rs./Quintal,29-04-2025
Maharashtra,Hingoli,Hingoli APMC,Spices,Turmeric,Other,Local,"11,000.00","13,500.00","12,250.00",Rs./Quintal,28-04-2025
Maharashtra,Hingoli,Hingoli APMC,Spices,Turmeric,Other,Local,"11,500.00","14,000.00","12,750.00",Rs./Quintal,24-04-2025
Maharashtra,Hingoli,Hingoli APMC,Spices,Turmeric,Other,Local,"11,500.00","14,000.00","12,750.00",Rs./Quintal,23-04-2025
Maharashtra,Hingoli,Hingoli APMC,Spices,Turmeric,Other,Local,"12,050.00","14,550.00","13,300.00",Rs./Quintal,22-04-2025
Maharashtra,Hingoli,Hingoli APMC,Spices,Turmeric,Other,Local,"11,750.00","14,250.00","13,000.00",Rs./Quintal,21-04-2025
Maharashtra,Hingoli,Hingoli APMC,Spices,Turmeric,Other,Local,"11,500.00","14,500.00","13,000.00",Rs./Quintal,17-04-2025
Maharashtra,Hingoli,Hingoli APMC,Spices,Turmeric,Other,Local,"11,800.00","14,500.00","13,150.00",Rs./Quintal,16-04-2025
Maharashtra,Hingoli,Hingoli APMC,Spices,Turmeric,Other,Local,"11,600.00","14,100.00","12,850.00",Rs./Quintal,15-04-2025
Maharashtra,Hingoli,Hingoli APMC,Spices,Turmeric,Other,Local,"11,400.00","13,900.00","12,650.00",Rs./Quintal,11-04-2025
Maharashtra,Hingoli,Hingoli APMC,Spices,Turmeric,Other,Local,"12,000.00","14,250.00","13,125.00",Rs./Quintal,09-04-2025
Maharashtra,Hingoli,Hingoli APMC,Spices,Turmeric,Other,Local,"11,500.00","14,000.00","12,750.00",Rs./Quintal,08-04-2025
Maharashtra,Hingoli,Hingoli APMC,Spices,Turmeric,Other,Local,"11,600.00","14,100.00","12,850.00",Rs./Quintal,07-04-2025
Maharashtra,Hingoli,Hingoli APMC,Spices,Turmeric,Other,Local,"13,000.00","15,000.00","14,000.00",Rs./Quintal,05-04-2025
Maharashtra,Hingoli,Hingoli APMC,Spices,Turmeric,Other,Local,"12,550.00","15,050.00","13,800.00",Rs./Quintal,04-04-2025
Maharashtra,Hingoli,Hingoli APMC,Spices,Turmeric,Other,Local,"13,000.00","16,000.00","14,500.00",Rs./Quintal,03-04-2025
Maharashtra,Hingoli,Hingoli APMC,Spices,Turmeric,Other,Local,"11,500.00","14,100.00","12,800.00",Rs./Quintal,22-03-2025
Maharashtra,Hingoli,Hingoli APMC,Spices,Turmeric,Other,Local,"11,000.00","13,500.00","12,250.00",Rs./Quintal,21-03-2025
Maharashtra,Hingoli,Hingoli APMC,Spices,Turmeric,Other,Local,"11,500.00","13,500.00","12,500.00",Rs./Quintal,19-03-2025
Maharashtra,Hingoli,Hingoli APMC,Spices,Turmeric,Other,Local,"10,500.00","12,500.00","11,500.00",Rs./Quintal,17-03-2025
Maharashtra,Hingoli,Hingoli APMC,Spices,Turmeric,Other,Local,"9,395.00","11,395.00","10,395.00",Rs./Quintal,12-03-2025
Maharashtra,Hingoli,Hingoli APMC,Spices,Turmeric,Other,Local,"9,000.00","11,000.00","10,000.00",Rs./Quintal,10-03-2025
Maharashtra,Hingoli,Hingoli APMC,Spices,Turmeric,Other,Local,"10,230.00","12,230.00","11,230.00",Rs./Quintal,07-03-2025
Maharashtra,Hingoli,Hingoli APMC,Spices,Turmeric,Other,Local,"10,105.00","12,105.00","11,105.00",Rs./Quintal,24-02-2025
Maharashtra,Hingoli,Hingoli APMC,Spices,Turmeric,Other,Local,"10,800.00","12,825.00","11,812.00",Rs./Quintal,21-02-2025
Maharashtra,Hingoli,Hingoli APMC,Spices,Turmeric,Other,Local,"10,800.00","12,800.00","11,800.00",Rs./Quintal,17-02-2025
Maharashtra,Hingoli,Hingoli APMC,Spices,Turmeric,Other,Local,"11,000.00","13,500.00","12,250.00",Rs./Quintal,14-02-2025
Maharashtra,Hingoli,Hingoli APMC,Spices,Turmeric,Other,Local,"11,200.00","13,200.00","12,200.00",Rs./Quintal,07-02-2025
Maharashtra,Hingoli,Hingoli APMC,Spices,Turmeric,Other,Local,"11,515.00","13,515.00","12,515.00",Rs./Quintal,06-02-2025
Maharashtra,Hingoli,Hingoli APMC,Spices,Turmeric,Other,Local,"11,000.00","13,000.00","12,000.00",Rs./Quintal,05-02-2025
Maharashtra,Hingoli,Hingoli APMC,Spices,Turmeric,Other,Local,"10,900.00","12,900.00","11,900.00",Rs./Quintal,04-02-2025
Maharashtra,Hingoli,Hingoli APMC,Spices,Turmeric,Other,Local,"11,360.00","13,360.00","12,360.00",Rs./Quintal,03-02-2025
Maharashtra,Hingoli,Hingoli APMC,Spices,Turmeric,Other,Local,"11,005.00","13,400.00","12,202.00",Rs./Quintal,31-01-2025
Maharashtra,Hingoli,Hingoli APMC,Spices,Turmeric,Other,Local,"11,000.00","13,500.00","12,250.00",Rs./Quintal,30-01-2025
Maharashtra,Hingoli,Hingoli APMC,Spices,Turmeric,Other,Local,"11,500.00","13,800.00","12,650.00",Rs./Quintal,27-01-2025
Maharashtra,Hingoli,Hingoli APMC,Spices,Turmeric,Other,FAQ,"11,600.00","13,610.00","12,605.00",Rs./Quintal,24-01-2025
Maharashtra,Hingoli,Hingoli APMC,Spices,Turmeric,Other,FAQ,"11,500.00","13,500.00","12,500.00",Rs./Quintal,23-01-2025
Maharashtra,Hingoli,Hingoli APMC,Spices,Turmeric,Other,FAQ,"11,500.00","13,505.00","12,502.00",Rs./Quintal,22-01-2025
Maharashtra,Hingoli,Hingoli APMC,Spices,Turmeric,Other,FAQ,"12,000.00","14,000.00","13,000.00",Rs./Quintal,21-01-2025
Maharashtra,Hingoli,Hingoli APMC,Spices,Turmeric,Other,FAQ,"11,600.00","13,600.00","12,600.00",Rs./Quintal,20-01-2025
Maharashtra,Hingoli,Hingoli APMC,Spices,Turmeric,Other,FAQ,"11,600.00","14,000.00","12,800.00",Rs./Quintal,17-01-2025
Maharashtra,Hingoli,Hingoli APMC,Spices,Turmeric,Other,FAQ,"12,500.00","14,800.00","13,650.00",Rs./Quintal,16-01-2025
Maharashtra,Hingoli,Hingoli APMC,Spices,Turmeric,Other,FAQ,"12,000.00","14,600.00","13,300.00",Rs./Quintal,13-01-2025
Maharashtra,Hingoli,Hingoli APMC,Spices,Turmeric,Other,FAQ,"12,100.00","14,500.00","13,300.00",Rs./Quintal,10-01-2025
Maharashtra,Hingoli,Hingoli APMC,Spices,Turmeric,Other,FAQ,"12,390.00","14,800.00","13,595.00",Rs./Quintal,09-01-2025
Maharashtra,Hingoli,Hingoli APMC,Spices,Turmeric,Other,FAQ,"12,300.00","14,600.00","13,450.00",Rs./Quintal,08-01-2025
Maharashtra,Hingoli,Hingoli APMC,Spices,Turmeric,Other,FAQ,"12,540.00","14,450.00","13,495.00",Rs./Quintal,07-01-2025
Maharashtra,Hingoli,Hingoli APMC,Spices,Turmeric,Other,FAQ,"12,800.00","15,030.00","13,915.00",Rs./Quintal,06-01-2025
Maharashtra,Hingoli,Hingoli APMC,Spices,Turmeric,Other,FAQ,"12,500.00","14,800.00","13,650.00",Rs./Quintal,03-01-2025
Maharashtra,Hingoli,Hingoli APMC,Spices,Turmeric,Other,FAQ,"12,000.00","14,005.00","13,002.00",Rs./Quintal,01-01-2025
Maharashtra,Mumbai,Mumbai APMC,Spices,Turmeric,Other,Local,"18,500.00","23,000.00","20,750.00",Rs./Quintal,31-12-2025
Maharashtra,Mumbai,Mumbai APMC,Spices,Turmeric,Other,Local,"18,500.00","23,000.00","20,750.00",Rs./Quintal,30-12-2025
Maharashtra,Mumbai,Mumbai APMC,Spices,Turmeric,Other,Local,"18,500.00","23,000.00","20,750.00",Rs./Quintal,29-12-2025
Maharashtra,Mumbai,Mumbai APMC,Spices,Turmeric,Other,Local,"18,500.00","23,000.00","20,750.00",Rs./Quintal,26-12-2025
Maharashtra,Mumbai,Mumbai APMC,Spices,Turmeric,Other,Local,"18,500.00","23,000.00","20,750.00",Rs./Quintal,25-12-2025
Maharashtra,Mumbai,Mumbai APMC,Spices,Turmeric,Other,Local,"18,500.00","24,000.00","22,500.00",Rs./Quintal,24-12-2025
Maharashtra,Mumbai,Mumbai APMC,Spices,Turmeric,Other,Local,"18,500.00","23,000.00","20,750.00",Rs./Quintal,23-12-2025
Maharashtra,Mumbai,Mumbai APMC,Spices,Turmeric,Other,Local,"18,500.00","23,000.00","20,750.00",Rs./Quintal,19-12-2025
Maharashtra,Mumbai,Mumbai APMC,Spices,Turmeric,Other,Local,"18,500.00","23,000.00","20,750.00",Rs./Quintal,18-12-2025
Maharashtra,Mumbai,Mumbai APMC,Spices,Turmeric,Other,Local,"18,500.00","23,000.00","20,750.00",Rs./Quintal,17-12-2025
Maharashtra,Mumbai,Mumbai APMC,Spices,Turmeric,Other,Local,"18,500.00","23,000.00","20,750.00",Rs./Quintal,16-12-2025
Maharashtra,Mumbai,Mumbai APMC,Spices,Turmeric,Other,Local,"18,500.00","23,000.00","20,750.00",Rs./Quintal,12-12-2025
Maharashtra,Mumbai,Mumbai APMC,Spices,Turmeric,Other,Local,"18,500.00","23,000.00","20,750.00",Rs./Quintal,11-12-2025
Maharashtra,Mumbai,Mumbai APMC,Spices,Turmeric,Other,Local,"18,500.00","23,000.00","20,750.00",Rs./Quintal,10-12-2025
Maharashtra,Mumbai,Mumbai APMC,Spices,Turmeric,Other,Local,"18,500.00","23,000.00","20,750.00",Rs./Quintal,09-12-2025
Maharashtra,Mumbai,Mumbai APMC,Spices,Turmeric,Other,Local,"18,500.00","23,000.00","20,750.00",Rs./Quintal,04-12-2025
Maharashtra,Mumbai,Mumbai APMC,Spices,Turmeric,Other,Local,"18,500.00","23,000.00","20,750.00",Rs./Quintal,03-12-2025
Maharashtra,Mumbai,Mumbai APMC,Spices,Turmeric,Other,Local,"18,500.00","23,000.00","20,750.00",Rs./Quintal,02-12-2025
Maharashtra,Mumbai,Mumbai APMC,Spices,Turmeric,Other,Local,"18,500.00","23,000.00","20,750.00",Rs./Quintal,28-11-2025
Maharashtra,Mumbai,Mumbai APMC,Spices,Turmeric,Other,Local,"18,500.00","23,000.00","20,750.00",Rs./Quintal,27-11-2025
Maharashtra,Mumbai,Mumbai APMC,Spices,Turmeric,Other,Local,"18,500.00","23,000.00","20,750.00",Rs./Quintal,26-11-2025
Maharashtra,Mumbai,Mumbai APMC,Spices,Turmeric,Other,Local,"18,500.00","23,000.00","20,750.00",Rs./Quintal,25-11-2025
Maharashtra,Mumbai,Mumbai APMC,Spices,Turmeric,Other,Local,"18,500.00","23,000.00","20,750.00",Rs./Quintal,21-11-2025
Maharashtra,Mumbai,Mumbai APMC,Spices,Turmeric,Other,Local,"18,500.00","23,000.00","20,750.00",Rs./Quintal,20-11-2025
Maharashtra,Mumbai,Mumbai APMC,Spices,Turmeric,Other,Local,"18,500.00","23,000.00","20,750.00",Rs./Quintal,19-11-2025
Maharashtra,Mumbai,Mumbai APMC,Spices,Turmeric,Other,Local,"18,500.00","23,000.00","20,750.00",Rs./Quintal,18-11-2025
Maharashtra,Mumbai,Mumbai APMC,Spices,Turmeric,Other,Local,"18,500.00","23,000.00","20,750.00",Rs./Quintal,17-11-2025
Maharashtra,Mumbai,Mumbai APMC,Spices,Turmeric,Other,Local,"18,500.00","23,000.00","20,750.00",Rs./Quintal,14-11-2025
Maharashtra,Mumbai,Mumbai APMC,Spices,Turmeric,Other,Local,"18,500.00","23,000.00","20,750.00",Rs./Quintal,13-11-2025
Maharashtra,Mumbai,Mumbai APMC,Spices,Turmeric,Other,Local,"18,500.00","23,000.00","20,750.00",Rs./Quintal,12-11-2025
Maharashtra,Mumbai,Mumbai APMC,Spices,Turmeric,Other,Local,"18,500.00","23,000.00","20,750.00",Rs./Quintal,11-11-2025
Maharashtra,Mumbai,Mumbai APMC,Spices,Turmeric,Other,Local,"18,500.00","23,000.00","20,750.00",Rs./Quintal,10-11-2025
Maharashtra,Mumbai,Mumbai APMC,Spices,Turmeric,Other,Local,"18,500.00","23,000.00","20,750.00",Rs./Quintal,07-11-2025
Maharashtra,Mumbai,Mumbai APMC,Spices,Turmeric,Other,Local,"18,000.00","23,000.00","20,500.00",Rs./Quintal,04-11-2025
Maharashtra,Mumbai,Mumbai APMC,Spices,Turmeric,Other,Local,"18,000.00","23,000.00","20,500.00",Rs./Quintal,01-11-2025
Maharashtra,Mumbai,Mumbai APMC,Spices,Turmeric,Other,Local,"18,000.00","23,000.00","20,500.00",Rs./Quintal,31-10-2025
Maharashtra,Mumbai,Mumbai APMC,Spices,Turmeric,Other,Local,"18,000.00","23,000.00","20,500.00",Rs./Quintal,30-10-2025
Maharashtra,Mumbai,Mumbai APMC,Spices,Turmeric,Other,Local,"18,000.00","23,000.00","20,500.00",Rs./Quintal,29-10-2025
Maharashtra,Mumbai,Mumbai APMC,Spices,Turmeric,Other,Local,"18,000.00","23,000.00","20,500.00",Rs./Quintal,28-10-2025
Maharashtra,Mumbai,Mumbai APMC,Spices,Turmeric,Other,Local,"18,000.00","23,000.00","20,500.00",Rs./Quintal,25-10-2025
Maharashtra,Mumbai,Mumbai APMC,Spices,Turmeric,Other,Local,"18,000.00","23,000.00","20,500.00",Rs./Quintal,17-10-2025
Maharashtra,Mumbai,Mumbai APMC,Spices,Turmeric,Other,Local,"18,000.00","23,000.00","20,500.00",Rs./Quintal,16-10-2025
Maharashtra,Mumbai,Mumbai APMC,Spices,Turmeric,Other,Local,"18,000.00","23,000.00","20,500.00",Rs./Quintal,15-10-2025
Maharashtra,Mumbai,Mumbai APMC,Spices,Turmeric,Other,Local,"18,000.00","23,000.00","20,500.00",Rs./Quintal,14-10-2025
Maharashtra,Mumbai,Mumbai APMC,Spices,Turmeric,Other,Local,"18,000.00","23,000.00","20,500.00",Rs./Quintal,13-10-2025
Maharashtra,Mumbai,Mumbai APMC,Spices,Turmeric,Other,Local,"18,000.00","23,000.00","20,500.00",Rs./Quintal,11-10-2025
Maharashtra,Mumbai,Mumbai APMC,Spices,Turmeric,Other,Local,"18,000.00","23,000.00","20,500.00",Rs./Quintal,09-10-2025
Maharashtra,Mumbai,Mumbai APMC,Spices,Turmeric,Other,Local,"18,000.00","23,000.00","20,500.00",Rs./Quintal,08-10-2025
Maharashtra,Mumbai,Mumbai APMC,Spices,Turmeric,Other,Local,"18,000.00","23,000.00","20,500.00",Rs./Quintal,07-10-2025
Maharashtra,Mumbai,Mumbai APMC,Spices,Turmeric,Other,Local,"18,000.00","23,000.00","20,500.00",Rs./Quintal,06-10-2025
Maharashtra,Mumbai,Mumbai APMC,Spices,Turmeric,Other,Local,"18,000.00","23,000.00","20,500.00",Rs./Quintal,03-10-2025
Maharashtra,Mumbai,Mumbai APMC,Spices,Turmeric,Other,Local,"18,000.00","23,000.00","20,500.00",Rs./Quintal,01-10-2025
Maharashtra,Mumbai,Mumbai APMC,Spices,Turmeric,Other,Local,"18,000.00","23,000.00","20,500.00",Rs./Quintal,30-09-2025
Maharashtra,Mumbai,Mumbai APMC,Spices,Turmeric,Other,Local,"18,000.00","23,000.00","20,500.00",Rs./Quintal,27-09-2025
Maharashtra,Mumbai,Mumbai APMC,Spices,Turmeric,Other,Local,"18,000.00","23,000.00","20,500.00",Rs./Quintal,24-09-2025
Maharashtra,Mumbai,Mumbai APMC,Spices,Turmeric,Other,Local,"18,000.00","23,000.00","20,500.00",Rs./Quintal,23-09-2025
Maharashtra,Mumbai,Mumbai APMC,Spices,Turmeric,Other,Local,"18,000.00","23,000.00","20,500.00",Rs./Quintal,20-09-2025
Maharashtra,Mumbai,Mumbai APMC,Spices,Turmeric,Other,Local,"18,000.00","23,000.00","20,500.00",Rs./Quintal,19-09-2025
Maharashtra,Mumbai,Mumbai APMC,Spices,Turmeric,Other,Local,"18,000.00","23,000.00","20,500.00",Rs./Quintal,18-09-2025
Maharashtra,Mumbai,Mumbai APMC,Spices,Turmeric,Other,Local,"18,000.00","23,000.00","20,500.00",Rs./Quintal,17-09-2025
Maharashtra,Mumbai,Mumbai APMC,Spices,Turmeric,Other,Local,"18,000.00","23,000.00","20,500.00",Rs./Quintal,16-09-2025
Maharashtra,Mumbai,Mumbai APMC,Spices,Turmeric,Other,Local,"18,000.00","23,000.00","20,500.00",Rs./Quintal,13-09-2025
Maharashtra,Mumbai,Mumbai APMC,Spices,Turmeric,Other,Local,"18,000.00","23,000.00","20,500.00",Rs./Quintal,12-09-2025
Maharashtra,Mumbai,Mumbai APMC,Spices,Turmeric,Other,Local,"18,000.00","23,000.00","20,500.00",Rs./Quintal,11-09-2025
Maharashtra,Mumbai,Mumbai APMC,Spices,Turmeric,Other,Local,"18,000.00","23,000.00","20,500.00",Rs./Quintal,10-09-2025
Maharashtra,Mumbai,Mumbai APMC,Spices,Turmeric,Other,Local,"18,000.00","23,000.00","20,500.00",Rs./Quintal,09-09-2025
Maharashtra,Mumbai,Mumbai APMC,Spices,Turmeric,Other,Local,"18,000.00","23,000.00","20,500.00",Rs./Quintal,08-09-2025
Maharashtra,Mumbai,Mumbai APMC,Spices,Turmeric,Other,Local,"18,000.00","23,000.00","20,500.00",Rs./Quintal,05-09-2025
Maharashtra,Mumbai,Mumbai APMC,Spices,Turmeric,Other,Local,"18,000.00","23,000.00","20,500.00",Rs./Quintal,04-09-2025
Maharashtra,Mumbai,Mumbai APMC,Spices,Turmeric,Other,Local,"18,000.00","23,000.00","20,500.00",Rs./Quintal,02-09-2025
Maharashtra,Mumbai,Mumbai APMC,Spices,Turmeric,Other,Local,"18,000.00","23,000.00","20,500.00",Rs./Quintal,30-08-2025
Maharashtra,Mumbai,Mumbai APMC,Spices,Turmeric,Other,Local,"18,000.00","23,000.00","20,500.00",Rs./Quintal,29-08-2025
Maharashtra,Mumbai,Mumbai APMC,Spices,Turmeric,Other,Local,"19,000.00","25,000.00","22,000.00",Rs./Quintal,22-08-2025
Maharashtra,Mumbai,Mumbai APMC,Spices,Turmeric,Other,Local,"19,000.00","25,000.00","22,000.00",Rs./Quintal,21-08-2025
Maharashtra,Mumbai,Mumbai APMC,Spices,Turmeric,Other,Local,"19,000.00","25,000.00","22,000.00",Rs./Quintal,20-08-2025
Maharashtra,Mumbai,Mumbai APMC,Spices,Turmeric,Other,Local,"19,000.00","25,000.00","22,000.00",Rs./Quintal,19-08-2025
Maharashtra,Mumbai,Mumbai APMC,Spices,Turmeric,Other,Local,"19,000.00","25,000.00","22,000.00",Rs./Quintal,14-08-2025
Maharashtra,Mumbai,Mumbai APMC,Spices,Turmeric,Other,Local,"19,000.00","25,000.00","22,000.00",Rs./Quintal,13-08-2025
Maharashtra,Mumbai,Mumbai APMC,Spices,Turmeric,Other,Local,"19,000.00","25,000.00","22,000.00",Rs./Quintal,12-08-2025
Maharashtra,Mumbai,Mumbai APMC,Spices,Turmeric,Other,Local,"19,000.00","25,000.00","22,000.00",Rs./Quintal,08-08-2025
Maharashtra,Mumbai,Mumbai APMC,Spices,Turmeric,Other,Local,"19,000.00","25,000.00","22,000.00",Rs./Quintal,06-08-2025
Maharashtra,Mumbai,Mumbai APMC,Spices,Turmeric,Other,Local,"19,000.00","25,000.00","22,000.00",Rs./Quintal,05-08-2025
Maharashtra,Mumbai,Mumbai APMC,Spices,Turmeric,Other,Local,"19,000.00","25,000.00","22,000.00",Rs./Quintal,04-08-2025
Maharashtra,Mumbai,Mumbai APMC,Spices,Turmeric,Other,Local,"19,000.00","25,000.00","22,000.00",Rs./Quintal,02-08-2025
Maharashtra,Mumbai,Mumbai APMC,Spices,Turmeric,Other,Local,"19,000.00","25,000.00","22,000.00",Rs./Quintal,01-08-2025
Maharashtra,Mumbai,Mumbai APMC,Spices,Turmeric,Other,Local,"19,000.00","25,000.00","22,000.00",Rs./Quintal,30-07-2025
Maharashtra,Mumbai,Mumbai APMC,Spices,Turmeric,Other,Local,"19,000.00","25,000.00","22,000.00",Rs./Quintal,29-07-2025
Maharashtra,Mumbai,Mumbai APMC,Spices,Turmeric,Other,Local,"19,000.00","25,000.00","22,000.00",Rs./Quintal,26-07-2025
Maharashtra,Mumbai,Mumbai APMC,Spices,Turmeric,Other,Local,"19,000.00","25,000.00","22,000.00",Rs./Quintal,25-07-2025
Maharashtra,Mumbai,Mumbai APMC,Spices,Turmeric,Other,Local,"19,000.00","25,000.00","22,000.00",Rs./Quintal,24-07-2025
Maharashtra,Mumbai,Mumbai APMC,Spices,Turmeric,Other,Local,"19,000.00","25,000.00","22,000.00",Rs./Quintal,23-07-2025
Maharashtra,Mumbai,Mumbai APMC,Spices,Turmeric,Other,Local,"19,000.00","25,000.00","22,000.00",Rs./Quintal,22-07-2025
Maharashtra,Mumbai,Mumbai APMC,Spices,Turmeric,Other,Local,"19,000.00","25,000.00","22,000.00",Rs./Quintal,19-07-2025
Maharashtra,Mumbai,Mumbai APMC,Spices,Turmeric,Other,Local,"19,000.00","25,000.00","22,000.00",Rs./Quintal,18-07-2025
Maharashtra,Mumbai,Mumbai APMC,Spices,Turmeric,Other,Local,"19,000.00","25,000.00","22,000.00",Rs./Quintal,17-07-2025
Maharashtra,Mumbai,Mumbai APMC,Spices,Turmeric,Other,Local,"19,000.00","25,000.00","22,000.00",Rs./Quintal,16-07-2025
Maharashtra,Mumbai,Mumbai APMC,Spices,Turmeric,Other,Local,"19,000.00","25,000.00","22,000.00",Rs./Quintal,15-07-2025
Maharashtra,Mumbai,Mumbai APMC,Spices,Turmeric,Other,Local,"19,000.00","25,000.00","22,000.00",Rs./Quintal,12-07-2025
Maharashtra,Mumbai,Mumbai APMC,Spices,Turmeric,Other,Local,"19,000.00","25,000.00","22,000.00",Rs./Quintal,11-07-2025
Maharashtra,Mumbai,Mumbai APMC,Spices,Turmeric,Other,Local,"19,000.00","25,000.00","22,000.00",Rs./Quintal,10-07-2025
Maharashtra,Mumbai,Mumbai APMC,Spices,Turmeric,Other,Local,"19,000.00","25,000.00","22,000.00",Rs./Quintal,09-07-2025
Maharashtra,Mumbai,Mumbai APMC,Spices,Turmeric,Other,Local,"19,000.00","25,000.00","22,000.00",Rs./Quintal,08-07-2025
Maharashtra,Mumbai,Mumbai APMC,Spices,Turmeric,Other,Local,"19,000.00","25,000.00","22,000.00",Rs./Quintal,27-06-2025
Maharashtra,Mumbai,Mumbai APMC,Spices,Turmeric,Other,Local,"19,000.00","25,000.00","22,000.00",Rs./Quintal,26-06-2025
Maharashtra,Mumbai,Mumbai APMC,Spices,Turmeric,Other,Local,"19,000.00","25,000.00","22,000.00",Rs./Quintal,25-06-2025
Maharashtra,Mumbai,Mumbai APMC,Spices,Turmeric,Other,Local,"19,000.00","25,000.00","22,000.00",Rs./Quintal,24-06-2025
Maharashtra,Mumbai,Mumbai APMC,Spices,Turmeric,Other,Local,"19,000.00","25,000.00","22,000.00",Rs./Quintal,19-06-2025
Maharashtra,Mumbai,Mumbai APMC,Spices,Turmeric,Other,Local,"19,000.00","25,000.00","22,000.00",Rs./Quintal,18-06-2025
Maharashtra,Mumbai,Mumbai APMC,Spices,Turmeric,Other,Local,"19,000.00","25,000.00","22,000.00",Rs./Quintal,17-06-2025
Maharashtra,Mumbai,Mumbai APMC,Spices,Turmeric,Other,Local,"19,000.00","25,000.00","22,000.00",Rs./Quintal,16-06-2025
Maharashtra,Mumbai,Mumbai APMC,Spices,Turmeric,Other,Local,"19,000.00","25,000.00","22,000.00",Rs./Quintal,14-06-2025
Maharashtra,Mumbai,Mumbai APMC,Spices,Turmeric,Other,Local,"19,000.00","25,000.00","22,000.00",Rs./Quintal,13-06-2025
Maharashtra,Mumbai,Mumbai APMC,Spices,Turmeric,Other,Local,"19,000.00","25,000.00","22,000.00",Rs./Quintal,12-06-2025
Maharashtra,Mumbai,Mumbai APMC,Spices,Turmeric,Other,Local,"19,000.00","25,000.00","22,000.00",Rs./Quintal,11-06-2025
Maharashtra,Mumbai,Mumbai APMC,Spices,Turmeric,Other,Local,"19,000.00","25,000.00","22,000.00",Rs./Quintal,10-06-2025
Maharashtra,Mumbai,Mumbai APMC,Spices,Turmeric,Other,Local,"19,000.00","25,000.00","22,000.00",Rs./Quintal,07-06-2025
Maharashtra,Mumbai,Mumbai APMC,Spices,Turmeric,Other,Local,"19,000.00","25,000.00","22,000.00",Rs./Quintal,06-06-2025
Maharashtra,Mumbai,Mumbai APMC,Spices,Turmeric,Other,Local,"19,000.00","25,000.00","22,000.00",Rs./Quintal,04-06-2025
Maharashtra,Mumbai,Mumbai APMC,Spices,Turmeric,Other,Local,"19,000.00","25,000.00","22,000.00",Rs./Quintal,03-06-2025
Maharashtra,Mumbai,Mumbai APMC,Spices,Turmeric,Other,Local,"19,000.00","25,000.00","22,000.00",Rs./Quintal,30-05-2025
Maharashtra,Mumbai,Mumbai APMC,Spices,Turmeric,Other,Local,"19,000.00","25,000.00","22,000.00",Rs./Quintal,29-05-2025
Maharashtra,Mumbai,Mumbai APMC,Spices,Turmeric,Other,Local,"19,000.00","25,000.00","22,000.00",Rs./Quintal,27-05-2025
Maharashtra,Mumbai,Mumbai APMC,Spices,Turmeric,Other,Local,"19,000.00","25,000.00","22,000.00",Rs./Quintal,24-05-2025
Maharashtra,Mumbai,Mumbai APMC,Spices,Turmeric,Other,Local,"19,000.00","25,000.00","22,000.00",Rs./Quintal,23-05-2025
Maharashtra,Mumbai,Mumbai APMC,Spices,Turmeric,Other,Local,"19,000.00","25,000.00","22,000.00",Rs./Quintal,22-05-2025
Maharashtra,Mumbai,Mumbai APMC,Spices,Turmeric,Other,Local,"19,000.00","25,000.00","22,000.00",Rs./Quintal,21-05-2025
Maharashtra,Mumbai,Mumbai APMC,Spices,Turmeric,Other,Local,"19,000.00","25,000.00","22,000.00",Rs./Quintal,20-05-2025
Maharashtra,Mumbai,Mumbai APMC,Spices,Turmeric,Other,Local,"19,000.00","25,000.00","22,000.00",Rs./Quintal,17-05-2025
Maharashtra,Mumbai,Mumbai APMC,Spices,Turmeric,Other,Local,"19,000.00","25,000.00","22,000.00",Rs./Quintal,16-05-2025
Maharashtra,Mumbai,Mumbai APMC,Spices,Turmeric,Other,Local,"19,000.00","25,000.00","22,000.00",Rs./Quintal,15-05-2025
Maharashtra,Mumbai,Mumbai APMC,Spices,Turmeric,Other,Local,"19,000.00","25,000.00","22,000.00",Rs./Quintal,13-05-2025
Maharashtra,Mumbai,Mumbai APMC,Spices,Turmeric,Other,Local,"19,000.00","25,000.00","22,000.00",Rs./Quintal,12-05-2025
Maharashtra,Mumbai,Mumbai APMC,Spices,Turmeric,Other,Local,"19,000.00","25,000.00","22,000.00",Rs./Quintal,09-05-2025
Maharashtra,Mumbai,Mumbai APMC,Spices,Turmeric,Other,Local,"19,000.00","25,000.00","22,000.00",Rs./Quintal,08-05-2025
Maharashtra,Mumbai,Mumbai APMC,Spices,Turmeric,Other,Local,"19,000.00","25,000.00","22,000.00",Rs./Quintal,07-05-2025
Maharashtra,Mumbai,Mumbai APMC,Spices,Turmeric,Other,Local,"19,000.00","25,000.00","22,000.00",Rs./Quintal,06-05-2025
Maharashtra,Mumbai,Mumbai APMC,Spices,Turmeric,Other,Local,"19,000.00","25,000.00","22,000.00",Rs./Quintal,03-05-2025
Maharashtra,Mumbai,Mumbai APMC,Spices,Turmeric,Other,Local,"18,000.00","24,000.00","21,000.00",Rs./Quintal,30-04-2025
Maharashtra,Mumbai,Mumbai APMC,Spices,Turmeric,Other,Local,"18,000.00","24,000.00","21,000.00",Rs./Quintal,26-04-2025
Maharashtra,Mumbai,Mumbai APMC,Spices,Turmeric,Other,Local,"18,000.00","24,000.00","21,000.00",Rs./Quintal,25-04-2025
Maharashtra,Mumbai,Mumbai APMC,Spices,Turmeric,Other,Local,"18,000.00","24,000.00","18,000.00",Rs./Quintal,24-04-2025
Maharashtra,Mumbai,Mumbai APMC,Spices,Turmeric,Other,Local,"18,000.00","24,000.00","21,000.00",Rs./Quintal,23-04-2025
Maharashtra,Mumbai,Mumbai APMC,Spices,Turmeric,Other,Local,"18,000.00","24,000.00","21,000.00",Rs./Quintal,22-04-2025
Maharashtra,Mumbai,Mumbai APMC,Spices,Turmeric,Other,Local,"18,000.00","24,000.00","21,000.00",Rs./Quintal,21-04-2025
Maharashtra,Mumbai,Mumbai APMC,Spices,Turmeric,Other,Local,"18,000.00","24,000.00","21,000.00",Rs./Quintal,19-04-2025
Maharashtra,Mumbai,Mumbai APMC,Spices,Turmeric,Other,Local,"18,000.00","24,000.00","21,000.00",Rs./Quintal,18-04-2025
Maharashtra,Mumbai,Mumbai APMC,Spices,Turmeric,Other,Local,"18,000.00","24,000.00","21,000.00",Rs./Quintal,17-04-2025
Maharashtra,Mumbai,Mumbai APMC,Spices,Turmeric,Other,Local,"18,000.00","24,000.00","21,000.00",Rs./Quintal,16-04-2025
Maharashtra,Mumbai,Mumbai APMC,Spices,Turmeric,Other,Local,"18,000.00","24,000.00","18,000.00",Rs./Quintal,15-04-2025
Maharashtra,Mumbai,Mumbai APMC,Spices,Turmeric,Other,Local,"18,000.00","24,000.00","21,000.00",Rs./Quintal,14-04-2025
Maharashtra,Mumbai,Mumbai APMC,Spices,Turmeric,Other,Local,"18,000.00","24,000.00","21,000.00",Rs./Quintal,11-04-2025
Maharashtra,Mumbai,Mumbai APMC,Spices,Turmeric,Other,Local,"18,000.00","24,000.00","21,000.00",Rs./Quintal,10-04-2025
Maharashtra,Mumbai,Mumbai APMC,Spices,Turmeric,Other,Local,"18,000.00","24,000.00","18,000.00",Rs./Quintal,09-04-2025
Maharashtra,Mumbai,Mumbai APMC,Spices,Turmeric,Other,Local,"18,000.00","24,000.00","18,000.00",Rs./Quintal,08-04-2025
Maharashtra,Mumbai,Mumbai APMC,Spices,Turmeric,Other,Local,"18,000.00","24,000.00","21,000.00",Rs./Quintal,05-04-2025
Maharashtra,Mumbai,Mumbai APMC,Spices,Turmeric,Other,Local,"18,000.00","24,000.00","21,000.00",Rs./Quintal,04-04-2025
Maharashtra,Mumbai,Mumbai APMC,Spices,Turmeric,Other,Local,"18,000.00","24,000.00","21,000.00",Rs./Quintal,03-04-2025
Maharashtra,Mumbai,Mumbai APMC,Spices,Turmeric,Other,Local,"18,000.00","24,000.00","21,000.00",Rs./Quintal,02-04-2025
Maharashtra,Mumbai,Mumbai APMC,Spices,Turmeric,Other,Local,"18,000.00","24,000.00","21,000.00",Rs./Quintal,01-04-2025
Maharashtra,Mumbai,Mumbai APMC,Spices,Turmeric,Other,Local,"18,000.00","24,000.00","21,000.00",Rs./Quintal,31-03-2025
Maharashtra,Mumbai,Mumbai APMC,Spices,Turmeric,Other,Local,"18,000.00","24,000.00","21,000.00",Rs./Quintal,28-03-2025
Maharashtra,Mumbai,Mumbai APMC,Spices,Turmeric,Other,Local,"18,000.00","24,000.00","21,000.00",Rs./Quintal,27-03-2025
Maharashtra,Mumbai,Mumbai APMC,Spices,Turmeric,Other,Local,"18,000.00","24,000.00","21,000.00",Rs./Quintal,26-03-2025
Maharashtra,Mumbai,Mumbai APMC,Spices,Turmeric,Other,Local,"18,000.00","24,000.00","21,000.00",Rs./Quintal,25-03-2025
Maharashtra,Mumbai,Mumbai APMC,Spices,Turmeric,Other,Local,"18,000.00","24,000.00","21,000.00",Rs./Quintal,24-03-2025
Maharashtra,Mumbai,Mumbai APMC,Spices,Turmeric,Other,Local,"18,000.00","24,000.00","21,000.00",Rs./Quintal,22-03-2025
Maharashtra,Mumbai,Mumbai APMC,Spices,Turmeric,Other,Local,"18,000.00","24,000.00","21,000.00",Rs./Quintal,21-03-2025
Maharashtra,Mumbai,Mumbai APMC,Spices,Turmeric,Other,Local,"18,000.00","24,000.00","21,000.00",Rs./Quintal,20-03-2025
Maharashtra,Mumbai,Mumbai APMC,Spices,Turmeric,Other,Local,"16,000.00","18,000.00","17,000.00",Rs./Quintal,19-03-2025
Maharashtra,Mumbai,Mumbai APMC,Spices,Turmeric,Other,Local,"16,000.00","18,000.00","17,000.00",Rs./Quintal,18-03-2025
Maharashtra,Mumbai,Mumbai APMC,Spices,Turmeric,Other,Local,"16,000.00","18,000.00","17,000.00",Rs./Quintal,17-03-2025
Maharashtra,Mumbai,Mumbai APMC,Spices,Turmeric,Other,Local,"16,000.00","18,000.00","17,000.00",Rs./Quintal,15-03-2025
Maharashtra,Mumbai,Mumbai APMC,Spices,Turmeric,Other,Local,"16,000.00","18,000.00","17,000.00",Rs./Quintal,13-03-2025
Maharashtra,Mumbai,Mumbai APMC,Spices,Turmeric,Other,Local,"16,000.00","18,000.00","17,000.00",Rs./Quintal,12-03-2025
Maharashtra,Mumbai,Mumbai APMC,Spices,Turmeric,Other,Local,"16,000.00","18,000.00","17,000.00",Rs./Quintal,11-03-2025
Maharashtra,Mumbai,Mumbai APMC,Spices,Turmeric,Other,Local,"16,000.00","18,000.00","17,000.00",Rs./Quintal,08-03-2025
Maharashtra,Mumbai,Mumbai APMC,Spices,Turmeric,Other,Local,"16,000.00","18,000.00","17,000.00",Rs./Quintal,07-03-2025
Maharashtra,Mumbai,Mumbai APMC,Spices,Turmeric,Other,Local,"16,000.00","18,000.00","17,000.00",Rs./Quintal,05-03-2025
Maharashtra,Mumbai,Mumbai APMC,Spices,Turmeric,Other,Local,"16,000.00","18,000.00","17,000.00",Rs./Quintal,04-03-2025
Maharashtra,Mumbai,Mumbai APMC,Spices,Turmeric,Other,Local,"16,000.00","18,000.00","17,000.00",Rs./Quintal,03-03-2025
Maharashtra,Mumbai,Mumbai APMC,Spices,Turmeric,Other,Local,"16,000.00","18,000.00","17,000.00",Rs./Quintal,01-03-2025
Maharashtra,Mumbai,Mumbai APMC,Spices,Turmeric,Other,Local,"16,000.00","18,000.00","17,000.00",Rs./Quintal,28-02-2025
Maharashtra,Mumbai,Mumbai APMC,Spices,Turmeric,Other,Local,"16,000.00","18,000.00","17,000.00",Rs./Quintal,25-02-2025
Maharashtra,Mumbai,Mumbai APMC,Spices,Turmeric,Other,Local,"16,000.00","18,000.00","17,000.00",Rs./Quintal,22-02-2025
Maharashtra,Mumbai,Mumbai APMC,Spices,Turmeric,Other,Local,"16,000.00","18,000.00","17,000.00",Rs./Quintal,21-02-2025
Maharashtra,Mumbai,Mumbai APMC,Spices,Turmeric,Other,Local,"16,000.00","18,000.00","17,000.00",Rs./Quintal,20-02-2025
Maharashtra,Mumbai,Mumbai APMC,Spices,Turmeric,Other,Local,"16,000.00","18,000.00","17,000.00",Rs./Quintal,18-02-2025
Maharashtra,Mumbai,Mumbai APMC,Spices,Turmeric,Other,Local,"16,000.00","18,000.00","17,000.00",Rs./Quintal,15-02-2025
Maharashtra,Mumbai,Mumbai APMC,Spices,Turmeric,Other,Local,"16,000.00","18,000.00","17,000.00",Rs./Quintal,14-02-2025
Maharashtra,Mumbai,Mumbai APMC,Spices,Turmeric,Other,Local,"16,000.00","18,000.00","17,000.00",Rs./Quintal,13-02-2025
Maharashtra,Mumbai,Mumbai APMC,Spices,Turmeric,Other,Local,"16,000.00","18,000.00","17,000.00",Rs./Quintal,07-02-2025
Maharashtra,Mumbai,Mumbai APMC,Spices,Turmeric,Other,Local,"16,000.00","18,000.00","17,000.00",Rs./Quintal,06-02-2025
Maharashtra,Mumbai,Mumbai APMC,Spices,Turmeric,Other,Local,"16,000.00","18,000.00","17,000.00",Rs./Quintal,05-02-2025
Maharashtra,Mumbai,Mumbai APMC,Spices,Turmeric,Other,Local,"17,000.00","23,000.00","20,000.00",Rs./Quintal,04-02-2025
Maharashtra,Mumbai,Mumbai APMC,Spices,Turmeric,Other,Local,"17,000.00","23,000.00","20,000.00",Rs./Quintal,01-02-2025
Maharashtra,Mumbai,Mumbai APMC,Spices,Turmeric,Other,Local,"17,000.00","23,000.00","20,000.00",Rs./Quintal,31-01-2025
Maharashtra,Mumbai,Mumbai APMC,Spices,Turmeric,Other,Local,"17,000.00","23,000.00","20,000.00",Rs./Quintal,29-01-2025
Maharashtra,Mumbai,Mumbai APMC,Spices,Turmeric,Other,Local,"17,000.00","23,000.00","20,000.00",Rs./Quintal,28-01-2025
Maharashtra,Mumbai,Mumbai APMC,Spices,Turmeric,Other,Local,"17,000.00","23,000.00","20,000.00",Rs./Quintal,25-01-2025
Maharashtra,Mumbai,Mumbai APMC,Spices,Turmeric,Other,FAQ,"17,000.00","23,000.00","20,000.00",Rs./Quintal,24-01-2025
Maharashtra,Mumbai,Mumbai APMC,Spices,Turmeric,Other,FAQ,"17,000.00","23,000.00","20,000.00",Rs./Quintal,23-01-2025
Maharashtra,Mumbai,Mumbai APMC,Spices,Turmeric,Other,FAQ,"17,000.00","23,000.00","20,000.00",Rs./Quintal,22-01-2025
Maharashtra,Mumbai,Mumbai APMC,Spices,Turmeric,Other,FAQ,"17,000.00","23,000.00","20,000.00",Rs./Quintal,21-01-2025
Maharashtra,Mumbai,Mumbai APMC,Spices,Turmeric,Other,FAQ,"17,000.00","23,000.00","20,000.00",Rs./Quintal,18-01-2025
Maharashtra,Mumbai,Mumbai APMC,Spices,Turmeric,Other,FAQ,"17,000.00","23,000.00","20,000.00",Rs./Quintal,17-01-2025
Maharashtra,Mumbai,Mumbai APMC,Spices,Turmeric,Other,FAQ,"17,000.00","23,000.00","20,000.00",Rs./Quintal,16-01-2025
Maharashtra,Mumbai,Mumbai APMC,Spices,Turmeric,Other,FAQ,"17,000.00","23,000.00","20,000.00",Rs./Quintal,15-01-2025
Maharashtra,Mumbai,Mumbai APMC,Spices,Turmeric,Other,FAQ,"16,000.00","19,000.00","17,500.00",Rs./Quintal,14-01-2025
Maharashtra,Mumbai,Mumbai APMC,Spices,Turmeric,Other,FAQ,"16,000.00","19,000.00","17,500.00",Rs./Quintal,11-01-2025
Maharashtra,Mumbai,Mumbai APMC,Spices,Turmeric,Other,FAQ,"16,000.00","19,000.00","17,500.00",Rs./Quintal,10-01-2025
Maharashtra,Mumbai,Mumbai APMC,Spices,Turmeric,Other,FAQ,"16,000.00","19,000.00","17,500.00",Rs./Quintal,09-01-2025
Maharashtra,Mumbai,Mumbai APMC,Spices,Turmeric,Other,FAQ,"16,000.00","19,000.00","17,500.00",Rs./Quintal,08-01-2025
Maharashtra,Mumbai,Mumbai APMC,Spices,Turmeric,Other,FAQ,"16,000.00","19,000.00","17,500.00",Rs./Quintal,07-01-2025
Maharashtra,Mumbai,Mumbai APMC,Spices,Turmeric,Other,FAQ,"16,000.00","19,000.00","17,500.00",Rs./Quintal,04-01-2025
Maharashtra,Mumbai,Mumbai APMC,Spices,Turmeric,Other,FAQ,"16,000.00","19,000.00","17,500.00",Rs./Quintal,03-01-2025
Maharashtra,Mumbai,Mumbai APMC,Spices,Turmeric,Other,FAQ,"16,000.00","19,000.00","17,500.00",Rs./Quintal,02-01-2025
Maharashtra,Mumbai,Mumbai APMC,Spices,Turmeric,Other,FAQ,"16,000.00","19,000.00","17,500.00",Rs./Quintal,01-01-2025
Maharashtra,Nanded,Bhokar APMC,Spices,Turmeric,Other,Local,"10,521.00","10,521.00","10,521.00",Rs./Quintal,25-08-2025
Maharashtra,Nanded,Bhokar APMC,Spices,Turmeric,Other,Local,"9,000.00","9,800.00","9,400.00",Rs./Quintal,28-07-2025
Maharashtra,Nanded,Bhokar APMC,Spices,Turmeric,Other,Local,"8,500.00","9,100.00","8,800.00",Rs./Quintal,25-07-2025
Maharashtra,Nanded,Bhokar APMC,Spices,Turmeric,Other,Local,"10,080.00","10,500.00","10,290.00",Rs./Quintal,19-07-2025
Maharashtra,Nanded,Bhokar APMC,Spices,Turmeric,Other,Local,"10,100.00","10,750.00","10,425.00",Rs./Quintal,16-07-2025
Maharashtra,Nanded,Bhokar APMC,Spices,Turmeric,Other,Local,"10,700.00","11,000.00","10,850.00",Rs./Quintal,15-07-2025
Maharashtra,Nanded,Bhokar APMC,Spices,Turmeric,Other,Local,"10,300.00","10,300.00","10,300.00",Rs./Quintal,14-07-2025
Maharashtra,Nanded,Bhokar APMC,Spices,Turmeric,Other,Local,"9,905.00","10,605.00","10,255.00",Rs./Quintal,30-06-2025
Maharashtra,Nanded,Bhokar APMC,Spices,Turmeric,Other,Local,"10,000.00","11,501.00","10,750.00",Rs./Quintal,25-06-2025
Maharashtra,Nanded,Bhokar APMC,Spices,Turmeric,Other,Local,"9,400.00","9,400.00","9,400.00",Rs./Quintal,23-06-2025
Maharashtra,Nanded,Bhokar APMC,Spices,Turmeric,Other,Local,"10,600.00","10,600.00","10,600.00",Rs./Quintal,21-06-2025
Maharashtra,Nanded,Bhokar APMC,Spices,Turmeric,Other,Local,"10,400.00","11,600.00","11,000.00",Rs./Quintal,18-06-2025
Maharashtra,Nanded,Bhokar APMC,Spices,Turmeric,Other,Local,"10,805.00","10,805.00","10,805.00",Rs./Quintal,16-06-2025
Maharashtra,Nanded,Bhokar APMC,Spices,Turmeric,Other,Local,"10,911.00","11,681.00","11,296.00",Rs./Quintal,07-06-2025
Maharashtra,Nanded,Bhokar APMC,Spices,Turmeric,Other,Local,"11,300.00","11,680.00","11,490.00",Rs./Quintal,06-06-2025
Maharashtra,Nanded,Bhokar APMC,Spices,Turmeric,Other,Local,"11,000.00","11,000.00","11,000.00",Rs./Quintal,04-06-2025
Maharashtra,Nanded,Bhokar APMC,Spices,Turmeric,Other,Local,"10,900.00","10,950.00","10,925.00",Rs./Quintal,03-06-2025
Maharashtra,Nanded,Bhokar APMC,Spices,Turmeric,Other,Local,"6,100.00","10,700.00","8,400.00",Rs./Quintal,02-06-2025
Maharashtra,Nanded,Bhokar APMC,Spices,Turmeric,Other,Local,"9,501.00","10,000.00","9,750.00",Rs./Quintal,30-05-2025
Maharashtra,Nanded,Bhokar APMC,Spices,Turmeric,Other,Local,"10,900.00","11,405.00","11,152.00",Rs./Quintal,26-05-2025
Maharashtra,Nanded,Bhokar APMC,Spices,Turmeric,Other,Local,"11,800.00","12,000.00","11,900.00",Rs./Quintal,21-05-2025
Maharashtra,Nanded,Bhokar APMC,Spices,Turmeric,Other,Local,"11,700.00","12,426.00","12,063.00",Rs./Quintal,20-05-2025
Maharashtra,Nanded,Bhokar APMC,Spices,Turmeric,Other,Local,"11,500.00","12,000.00","11,750.00",Rs./Quintal,19-05-2025
Maharashtra,Nanded,Bhokar APMC,Spices,Turmeric,Other,Local,"10,600.00","12,000.00","11,300.00",Rs./Quintal,17-05-2025
Maharashtra,Nanded,Bhokar APMC,Spices,Turmeric,Other,Local,"10,801.00","10,801.00","10,801.00",Rs./Quintal,16-05-2025
Maharashtra,Nanded,Bhokar APMC,Spices,Turmeric,Other,Local,"10,750.00","11,375.00","11,062.00",Rs./Quintal,12-05-2025
Maharashtra,Nanded,Bhokar APMC,Spices,Turmeric,Other,Local,"10,800.00","11,200.00","11,000.00",Rs./Quintal,10-05-2025
Maharashtra,Nanded,Bhokar APMC,Spices,Turmeric,Other,Local,"11,051.00","11,051.00","11,051.00",Rs./Quintal,09-05-2025
Maharashtra,Nanded,Bhokar APMC,Spices,Turmeric,Other,Local,"11,400.00","12,295.00","11,847.00",Rs./Quintal,07-05-2025
Maharashtra,Nanded,Bhokar APMC,Spices,Turmeric,Other,Local,"11,751.00","12,300.00","12,025.00",Rs./Quintal,06-05-2025
Maharashtra,Nanded,Bhokar APMC,Spices,Turmeric,Other,Local,"11,600.00","11,800.00","11,700.00",Rs./Quintal,05-05-2025
Maharashtra,Nanded,Bhokar APMC,Spices,Turmeric,Other,Local,"10,895.00","12,200.00","11,547.00",Rs./Quintal,02-05-2025
Maharashtra,Nanded,Bhokar APMC,Spices,Turmeric,Other,Local,"10,625.00","12,025.00","11,325.00",Rs./Quintal,30-04-2025
Maharashtra,Nanded,Bhokar APMC,Spices,Turmeric,Other,Local,"9,725.00","12,250.00","10,987.00",Rs./Quintal,29-04-2025
Maharashtra,Nanded,Bhokar APMC,Spices,Turmeric,Other,Local,"11,826.00","13,400.00","12,613.00",Rs./Quintal,25-04-2025
Maharashtra,Nanded,Bhokar APMC,Spices,Turmeric,Other,Local,"11,405.00","13,295.00","12,350.00",Rs./Quintal,23-04-2025
Maharashtra,Nanded,Bhokar APMC,Spices,Turmeric,Other,Local,"12,875.00","13,000.00","12,937.00",Rs./Quintal,22-04-2025
Maharashtra,Nanded,Bhokar APMC,Spices,Turmeric,Other,Local,"13,000.00","13,000.00","13,000.00",Rs./Quintal,21-04-2025
Maharashtra,Nanded,Bhokar APMC,Spices,Turmeric,Other,Local,"11,800.00","13,325.00","12,562.00",Rs./Quintal,18-04-2025
Maharashtra,Nanded,Bhokar APMC,Spices,Turmeric,Other,Local,"11,500.00","13,181.00","12,340.00",Rs./Quintal,14-04-2025
Maharashtra,Nanded,Bhokar APMC,Spices,Turmeric,Other,Local,"11,800.00","13,510.00","12,655.00",Rs./Quintal,10-04-2025
Maharashtra,Nanded,Bhokar APMC,Spices,Turmeric,Other,Local,"12,750.00","13,005.00","12,877.00",Rs./Quintal,09-04-2025
Maharashtra,Nanded,Bhokar APMC,Spices,Turmeric,Other,Local,"10,800.00","12,875.00","11,838.00",Rs./Quintal,08-04-2025
Maharashtra,Nanded,Bhokar APMC,Spices,Turmeric,Other,Local,"11,705.00","13,000.00","12,352.00",Rs./Quintal,07-04-2025
Maharashtra,Nanded,Bhokar APMC,Spices,Turmeric,Other,Local,"13,600.00","13,800.00","13,700.00",Rs./Quintal,04-04-2025
Maharashtra,Nanded,Bhokar APMC,Spices,Turmeric,Other,Local,"10,005.00","12,800.00","11,402.00",Rs./Quintal,01-04-2025
Maharashtra,Nanded,Bhokar APMC,Spices,Turmeric,Other,Local,"10,505.00","10,505.00","10,505.00",Rs./Quintal,26-03-2025
Maharashtra,Nanded,Bhokar APMC,Spices,Turmeric,Other,Local,"10,500.00","11,500.00","11,000.00",Rs./Quintal,24-03-2025
Maharashtra,Nanded,Bhokar APMC,Spices,Turmeric,Other,Local,"10,500.00","11,521.00","11,010.00",Rs./Quintal,18-03-2025
Maharashtra,Nanded,Bhokar APMC,Spices,Turmeric,Other,Local,"9,500.00","9,500.00","9,500.00",Rs./Quintal,12-03-2025
Maharashtra,Nanded,Bhokar APMC,Spices,Turmeric,Other,Local,"8,150.00","10,000.00","9,075.00",Rs./Quintal,11-03-2025
Maharashtra,Nanded,Bhokar APMC,Spices,Turmeric,Other,Local,"8,300.00","10,300.00","9,300.00",Rs./Quintal,10-03-2025
Maharashtra,Nanded,Bhokar APMC,Spices,Turmeric,Other,Local,"10,200.00","10,575.00","10,387.00",Rs./Quintal,07-03-2025
Maharashtra,Nanded,Bhokar APMC,Spices,Turmeric,Other,Local,"9,905.00","9,905.00","9,905.00",Rs./Quintal,05-03-2025
Maharashtra,Nanded,Bhokar APMC,Spices,Turmeric,Other,Local,"11,000.00","11,000.00","11,000.00",Rs./Quintal,03-03-2025

